Patient_ID,Age,Gender,Test_Category,Test_Name,Test_Value,Unit,Reference_Range,Status,Clinical_Risk_Level,Targeted_Diet_Lifestyle_EN,Targeted_Diet_Lifestyle_TA,Preventive_Care_Recommendation_EN,Preventive_Care_Recommendation_TA
PID-1001,52,Male,Diabetes / Glycemic,Fasting Blood Sugar,158.0,mg/dL,70.0 - 99.0,High,Moderate Risk,"Millets, oats, leafy greens; avoid sugar and white rice","சிறுதானியங்கள், ஓட்ஸ்; சர்க்கரை, வெள்ளை அரிசி தவிர்க்கவும்","Quarterly HbA1c, weekly fasting sugar monitoring",3 மாதங்களுக்கு ஒருமுறை HbA1c பரிசோதனை
PID-1001,52,Male,Diabetes / Glycemic,HbA1c,8.2,%,4.0 - 5.6,High,High Risk,"Low glycemic diet, daily 30-min brisk walk","குறைந்த கிளைசெமிக் உணவு, தினமும் 30 நிமிடம் நடைபயிற்சி","Diabetologist review, strict carbohydrate counting",சர்க்கரை நோய் மருத்துவரை அணுகவும்
PID-1001,52,Male,Lipid Profile,Total Cholesterol,242.0,mg/dL,120.0 - 200.0,High,Moderate Risk,"Reduce ghee, butter, and deep-fried snacks; add walnuts","வறுத்த உணவுகள், நெய் தவிர்க்கவும்; வால்நட் சேர்க்கவும்",Repeat lipid profile in 8-12 weeks,8-12 வாரங்களில் மீண்டும் லிப்பிட் பரிசோதனை
PID-1001,52,Male,Lipid Profile,Triglycerides,220.0,mg/dL,0.0 - 150.0,High,Moderate Risk,Limit carbohydrates and refined fats,எண்ணெய் மற்றும் அதிக மாவுச்சத்து உணவுகளைக் குறைக்கவும்,Cardiovascular assessment by physician,இதய நல மருத்துவரிடம் ஆலோசனை
PID-1001,52,Male,Lipid Profile,HDL Cholesterol,34.0,mg/dL,40.0 - 60.0,Low,Mild Risk,Include omega-3 rich flaxseeds and aerobic exercises,"ஆளி விதை, உடற்பயிற்சி மூலம் நல்ல கொழுப்பை அதிகரிக்கவும்",Monitor blood pressure and metabolic markers,ரத்த அழுத்தத்தை சீராக பரிசோதிக்கவும்
PID-1001,52,Male,Kidney Function,Serum Creatinine,1.0,mg/dL,0.6 - 1.2,Normal,Normal,Maintain 2.5L daily hydration,தினமும் 2.5 லிட்டர் தண்ணீர் குடிக்கவும்,Annual renal wellness checkup,ஆண்டுதோறும் சிறுநீரக பரிசோதனை
PID-1002,28,Female,Complete Blood Count,Hemoglobin,8.6,g/dL,12.0 - 15.5,Low,Moderate Risk,"Moringa leaves, dates, beetroot, raisins, pomegranate with Vitamin C","முருங்கைக்கீரை, பேரீச்சம்பழம், மாதுளை, நெல்லிக்காய் சாப்பிடவும்",Repeat CBC & Ferritin in 6 weeks; avoid tea right after meals,6 வாரங்களில் மீண்டும் CBC பரிசோதனை; உணவுக்குப் பின் டீ தவிர்க்கவும்
PID-1002,28,Female,Complete Blood Count,RBC Count,3.6,million/cumm,4.0 - 5.2,Low,Mild Risk,Iron and folate dense legumes and green vegetables,"இரும்புச்சத்து நிறைந்த கீரைகள், பயறுகள்",Hematologist consult for iron deficiency evaluation,இரத்தவியல் மருத்துவரிடம் ஆலோசனை பெறவும்
PID-1002,28,Female,Complete Blood Count,Platelet Count,210000.0,/cumm,150000.0 - 450000.0,Normal,Normal,Balanced nutrition and hydration,சமச்சீர் உணவு மற்றும் தண்ணீர்,Routine health maintenance,வழக்கமான உடல் பராமரிப்பு
PID-1002,28,Female,Complete Blood Count,WBC Count,6400.0,cells/cumm,4000.0 - 11000.0,Normal,Normal,Citrus fruits and colorful vegetables,சிட்ரஸ் பழங்கள் மற்றும் காய்கறிகள்,Routine immune health monitoring,நோய் எதிர்ப்பு சக்தி பராமரிப்பு
PID-1002,28,Female,Vitamins & Minerals,Serum Ferritin,11.0,ng/mL,15.0 - 150.0,Low,Moderate Risk,Vitamin C paired iron foods for absorption,இரும்புச்சத்து உறிஞ்சப்பட எலுமிச்சை சேர்க்கவும்,Consult physician for oral iron supplement dosage,மருத்துவர் ஆலோசனைப்படி இரும்புச்சத்து மாத்திரை
PID-1003,61,Male,Kidney Function,Serum Creatinine,2.3,mg/dL,0.7 - 1.3,High,High Risk,"Low-salt diet, moderate protein under nephrologist advice","உப்பு குறைத்து, சிறுநீரக மருத்துவர் ஆலோசனைப்படி புரதம் உட்கொள்ளவும்",Strictly avoid OTC NSAID painkillers; nephrology consult,வலி நிவாரணி மாத்திரைகளை தவிர்க்கவும்; மருத்துவரை அணுகவும்
PID-1003,61,Male,Kidney Function,Blood Urea,62.0,mg/dL,15.0 - 40.0,High,High Risk,Limit red meats and packaged sodium-rich foods,அசைவ உணவுகள் மற்றும் பதப்படுத்திய உணவுகளை தவிர்க்கவும்,Bi-weekly renal parameters tracking,இரண்டு வாரங்களுக்கு ஒருமுறை RFT பரிசோதனை
PID-1003,61,Male,Kidney Function,Serum Uric Acid,8.4,mg/dL,3.5 - 7.2,High,Moderate Risk,"Avoid high-purine foods (shellfish, organ meats, beer)",அதிக பியூரின் உணவுகளை தவிர்க்கவும்,Hydration monitoring and joint pain assessment,போதுமான தண்ணீர் குடித்து மூட்டு வலியை கவனிக்கவும்
PID-1003,61,Male,Complete Blood Count,Hemoglobin,10.1,g/dL,13.0 - 17.0,Low,Mild Risk,Iron support under physician guidance,மருத்துவர் வழிகாட்டலில் இரும்புச்சத்து உணவு,Monitor for renal anemia,சிறுநீரக இரத்த சோகையை கண்காணிக்கவும்
PID-1004,35,Female,Thyroid Profile,TSH,9.8,mIU/L,0.4 - 4.0,High,Moderate Risk,"Selenium and iodine balanced diet (eggs, whole grains, nuts)","முட்டை, முழு தானியங்கள், நட்ஸ் வகைகள்",Take prescribed thyroxine empty stomach; repeat TSH in 6 weeks,தைராய்டு மாத்திரை வெறும் வயிற்றில் எடுக்கவும்; 6 வாரத்தில் மறுபரிசோதனை
PID-1004,35,Female,Thyroid Profile,Total T3,0.9,ng/mL,0.8 - 2.0,Normal,Normal,"Balanced nutrition, manage stress and sleep","சமச்சீர் உணவு, போதுமான தூக்கம்",Endocrine follow-up,எண்டோகிரைன் மருத்துவரை அணுகவும்
PID-1004,35,Female,Thyroid Profile,Total T4,5.4,µg/dL,5.1 - 14.1,Normal,Normal,Whole food diet,இயற்கை உணவுகள்,Periodic thyroid monitoring,தைராய்டு கண்காணிப்பு
PID-1004,35,Female,Lipid Profile,Total Cholesterol,218.0,mg/dL,120.0 - 200.0,High,Mild Risk,Cardio exercise and reduced saturated fats,"உடற்பயிற்சி, கொழுப்பு உணவு குறைப்பு",Re-evaluate lipids after thyroid normalization,தைராய்டு சீரான பின் கொழுப்பை சரிபார்க்கவும்
PID-1005,44,Male,Liver Function,SGPT (ALT),86.0,U/L,7.0 - 56.0,High,Moderate Risk,Strict zero alcohol; eliminate deep-fried foods; green tea & papaya,மது அருந்தக்கூடாது; பொரித்த உணவுகள் தவிர்த்து பப்பாளி சேர்க்கவும்,Abdominal ultrasound and repeat LFT in 4 weeks,4 வாரங்களில் மீண்டும் LFT மற்றும் அல்ட்ராசவுண்ட் ஸ்கேன்
PID-1005,44,Male,Liver Function,SGOT (AST),68.0,U/L,10.0 - 40.0,High,Moderate Risk,"Antioxidant rich cruciferous greens, hydration","ஆன்டிஆக்ஸிடன்ட் நிறைந்த கீரைகள், தண்ணீர்",Physician consultation for hepatic health,கல்லீரல் மருத்துவரிடம் ஆலோசனை
PID-1005,44,Male,Liver Function,Alkaline Phosphatase,135.0,U/L,44.0 - 147.0,Normal,Normal,Healthy balanced meals,ஆரோக்கிய உணவு,Routine monitoring,வழக்கமான பரிசோதனை
PID-1005,44,Male,Liver Function,Total Bilirubin,0.8,mg/dL,0.2 - 1.2,Normal,Normal,Fresh fruits and clean water,பழங்கள் மற்றும் சுத்தமான தண்ணீர்,Routine checkup,வழக்கமான பரிசோதனை
PID-1006,24,Male,Vitamins & Minerals,Vitamin D (25-OH),14.0,ng/mL,30.0 - 100.0,Low,Moderate Risk,"15-20 min mild morning sunlight exposure; fortified dairy, egg yolks","காலை வெயிலில் 20 நிமிடம் இருக்கவும்; பால், முட்டை உட்கொள்ளவும்",Weekly clinical Vitamin D3 sachet/capsule per doctor prescription,மருத்துவர் பரிந்துரைப்படி வாராந்திர வைட்டமின் D3 மருந்து
PID-1006,24,Male,Vitamins & Minerals,Vitamin B12,165.0,pg/mL,200.0 - 900.0,Low,Moderate Risk,"Dairy products, paneer, eggs, fortified nutritional yeast","பால், பன்னீர், முட்டை, சத்துணவு வகைகள்",Consult physician for B12 oral supplementation course,வைட்டமின் B12 மாத்திரைகளுக்கு மருத்துவரை அணுகவும்
PID-1006,24,Male,Complete Blood Count,Hemoglobin,14.2,g/dL,13.0 - 17.0,Normal,Normal,Continue current wholesome diet,தற்போதைய உணவை தொடரவும்,Annual checkup,ஆண்டுதோறும் பரிசோதனை
PID-1007,32,Female,Complete Blood Count,Hemoglobin,13.8,g/dL,12.0 - 15.5,Normal,Normal,"Rainbow vegetables, millets, 2.5L water daily","காய்கறிகள், சிறுதானியங்கள், 2.5 லிட்டர் தண்ணீர்",Routine annual wellness screening,ஆண்டுதோறும் வழக்கமான உடல் பரிசோதனை
PID-1007,32,Female,Diabetes / Glycemic,Fasting Blood Sugar,88.0,mg/dL,70.0 - 99.0,Normal,Normal,Maintain active lifestyle and whole foods,சுறுசுறுப்பான உடற்பயிற்சி மற்றும் இயற்கை உணவு,Annual preventive health checkup,ஆண்டுதோறும் தடுப்பு பரிசோதனை
PID-1007,32,Female,Lipid Profile,Total Cholesterol,165.0,mg/dL,120.0 - 200.0,Normal,Normal,"Heart-healthy nuts, olive oil, fiber","நட்ஸ் வகைகள், நார்ச்சத்து உணவுகள்",Regular cardiovascular maintenance,வழக்கமான இதய நலம்
PID-1007,32,Female,Kidney Function,Serum Creatinine,0.8,mg/dL,0.6 - 1.2,Normal,Normal,Adequate hydration and sleep,போதிய தண்ணீர் மற்றும் தூக்கம்,Annual checkup,ஆண்டுதோறும் பரிசோதனை
PID-1007,32,Female,Liver Function,SGPT (ALT),24.0,U/L,7.0 - 56.0,Normal,Normal,Clean nutritious diet,சத்தான எளிய உணவு,Annual checkup,ஆண்டுதோறும் பரிசோதனை
